{
    "description": "Fewshot COT evaluation on 100 opinionated samples and 100 random neutral samples from the test set",
    "datetime": "2024-02-15 13:56:27",
    "metrics": {
        "neutral": {
            "f1": 0.6464646464646465,
            "recall": 0.64,
            "precision": 0.6530612244897959
        },
        "opinionated": {
            "f1": 0.65,
            "recall": 0.6565656565656566,
            "precision": 0.6435643564356436
        }
    }
}