{
    "description": "ImpactCite evaluation on test set",
    "datetime": "2024-02-15 13:22:14",
    "metrics": {
        "neutral": {
            "f1": 0.9656084656084656,
            "recall": 0.9965870307167235,
            "precision": 0.9364977549711353
        },
        "opinionated": {
            "f1": 0.0,
            "recall": 0.0,
            "precision": 0.0
        }
    }
}