{
    "description": "Zeroshot evaluation on 100 opinionated samples and 100 random neutral samples from the test set",
    "datetime": "2024-02-15_14:02:37",
    "metrics": {
        "neutral": {
            "f1": 0.14814814814814814,
            "recall": 0.08,
            "precision": 1.0
        },
        "opinionated": {
            "f1": 0.6827586206896552,
            "recall": 1.0,
            "precision": 0.518324607329843
        }
    }
}